{"cameraMode":{"drawMode":0,"name":"Shaded","section":"Shading Mode"},"sceneLighting":false,"audioPlay":false,"sceneViewState":{"showFog":true,"showMaterialUpdate":false,"showSkybox":false,"showFlares":true,"showImageEffects":true,"showParticleSystems":true},"in2DMode":false,"pivot":{"x":-1.8400003910064698,"y":0.721359372138977,"z":-0.037569135427474979},"rotation":{"x":0.3881103992462158,"y":0.5915797352790833,"z":-0.3892793357372284,"w":0.5898086428642273},"size":7.369711399078369,"orthographic":true}