{"cameraMode":{"drawMode":0,"name":"Shaded","section":"Shading Mode"},"sceneLighting":false,"audioPlay":false,"sceneViewState":{"showFog":true,"showMaterialUpdate":false,"showSkybox":false,"showFlares":true,"showImageEffects":true,"showParticleSystems":true},"in2DMode":false,"pivot":{"x":6.349996089935303,"y":4.405952453613281,"z":-0.17013764381408692},"rotation":{"x":0.3881103992462158,"y":0.5915797352790833,"z":-0.3892793357372284,"w":0.5898086428642273},"size":6.982672691345215,"orthographic":true}